Michel,Wermelinger,The Open University
Brett,Becker,University College Dublin
David,Bowers,The Open University
Steven,Bradley,Durham University
Neil,Brown,King's College London
Tom,Crick,Swansea University
James H.,Davenport,University of Bath
Marie,Devlin,Newcastle University
Rosanne,English,University of Strathclyde
Samia,Kamal,Oxford Brookes University
Karen,Kear,The Open University
Daniel,Onah,Lancaster University
Michael,Scott,Falmouth University
Jane,Sinclair,The University of Warwick
Jane,Waite,Queen Mary University of London